INSERT INTO surowce (nazwa, jednostka_zakupu, jednostka_miary) VALUES
('Stal', 7850.00, 'kg'),
('Aluminium', 2700.00, 'kg'),
('Miedź', 8960.00, 'kg'),
('Cynk', 7135.00, 'kg'),
('Ołów', 11340.00, 'kg'),
('Magnez', 1740.00, 'kg'),
('Tytan', 4500.00, 'kg'),
('Nikiel', 8908.00, 'kg'),
('Węgiel', 1600.00, 'kg'),
('Srebro', 10490.00, 'kg'),
('Kwas siarkowy', 1840.00, 'l'),
('Aceton', 790.00, 'l'),
('Etanol', 789.00, 'l'),
('Gliceryna', 1260.00, 'l'),
('Amoniak', 682.00, 'l'),
('Sód', 968.00, 'l'),
('Kwas solny', 1185.00, 'l'),
('Kwas azotowy', 1420.00, 'l'),
('Kwas fosforowy', 10.00, 'kg'),
('Kwas octowy', 1040.00, 'l'),
('Kwas cytrynowy', 1.00, 'kg');

INSERT INTO stan_magazynowy (id_surowca, ilosc) VALUES
(1, 100.00),
(2, 150.00),
(3, 200.00),
(4, 250.00),
(5, 300.00),
(6, 350.00),
(7, 400.00),
(8, 450.00),
(9, 500.00),
(10, 550.00),
(11, 600.00),
(12, 650.00),
(13, 700.00),
(14, 750.00),
(15, 800.00),
(16, 850.00),
(17, 900.00),
(18, 950.00),
(19, 1000.00),
(20, 1050.00),
(21, 200);

INSERT INTO zuzycie (id_surowca, zuzycie, data) VALUES
(1, 45.50, '2025-01-03'), (2, 78.20, '2025-01-05'), (3, 112.00, '2025-01-07'), (4, 60.10, '2025-01-09'), (5, 33.80, '2025-01-11'),
(6, 91.40, '2025-01-13'), (7, 55.70, '2025-01-15'), (8, 89.90, '2025-01-17'), (9, 105.30, '2025-01-19'), (10, 48.10, '2025-01-21'),
(11, 72.60, '2025-01-23'), (12, 108.70, '2025-01-25'), (13, 66.20, '2025-01-27'), (14, 39.50, '2025-01-29'), (15, 95.80, '2025-01-31'),
(16, 52.30, '2025-02-02'), (17, 88.00, '2025-02-04'), (18, 101.90, '2025-02-06'), (19, 47.70, '2025-02-08'), (20, 75.10, '2025-02-10'),
(21, 110.50, '2025-02-12'), (1, 63.40, '2025-02-14'), (2, 36.90, '2025-02-16'), (3, 90.20, '2025-02-18'), (4, 58.60, '2025-02-20'),
(5, 87.30, '2025-02-22'), (6, 104.10, '2025-02-24'), (7, 49.00, '2025-02-26'), (8, 71.50, '2025-02-28'), (9, 115.60, '2025-03-02'),
(10, 68.80, '2025-03-04'), (11, 41.20, '2025-03-06'), (12, 98.30, '2025-03-08'), (13, 53.90, '2025-03-10'), (14, 86.50, '2025-03-12'),
(15, 107.00, '2025-03-14'), (16, 50.40, '2025-03-16'), (17, 74.80, '2025-03-18'), (18, 111.10, '2025-03-20'), (19, 61.70, '2025-03-22'),
(20, 35.60, '2025-03-24'), (21, 93.00, '2025-03-26'), (1, 56.50, '2025-03-28'), (2, 85.00, '2025-03-30'), (3, 109.80, '2025-04-01'),
(4, 51.10, '2025-04-03'), (5, 70.30, '2025-04-05'), (6, 114.20, '2025-04-07'), (7, 67.90, '2025-04-09'), (8, 40.00, '2025-04-11'),
(9, 97.00, '2025-04-13'), (10, 54.50, '2025-04-15'), (11, 84.00, '2025-04-17'), (12, 106.30, '2025-04-19'), (13, 49.30, '2025-04-21'),
(14, 76.70, '2025-04-23'), (15, 113.80, '2025-04-25'), (16, 62.00, '2025-04-27'), (17, 37.10, '2025-04-29'), (18, 94.60, '2025-05-01'),
(19, 57.80, '2025-05-03'), (20, 89.10, '2025-05-05'), (21, 102.50, '2025-05-07'), (1, 46.90, '2025-05-09'), (2, 79.00, '2025-05-11'),
(3, 116.00, '2025-05-13'), (4, 64.50, '2025-05-15'), (5, 32.70, '2025-05-17'), (6, 96.10, '2025-05-19'), (7, 51.00, '2025-05-21'),
(8, 83.50, '2025-05-23'), (9, 100.80, '2025-05-25'), (10, 48.50, '2025-05-27'), (11, 77.20, '2025-05-29'), (12, 110.00, '2025-01-02'),
(13, 65.00, '2025-01-04'), (14, 38.00, '2025-01-06'), (15, 92.00, '2025-01-08'), (16, 50.00, '2025-01-10'), (17, 80.00, '2025-01-12'),
(18, 100.00, '2025-01-14'), (19, 45.00, '2025-01-16'), (20, 70.00, '2025-01-18'), (21, 105.00, '2025-01-20');


INSERT INTO dostawy (id_surowca, ilosc, data) VALUES
(1, 150.00, '2025-01-02'), (2, 210.00, '2025-01-04'), (3, 80.00, '2025-01-06'), (4, 240.00, '2025-01-08'), (5, 110.00, '2025-01-10'),
(6, 180.00, '2025-01-12'), (7, 70.00, '2025-01-14'), (8, 200.00, '2025-01-16'), (9, 90.00, '2025-01-18'), (10, 230.00, '2025-01-20'),
(11, 120.00, '2025-01-22'), (12, 190.00, '2025-01-24'), (13, 85.00, '2025-01-26'), (14, 220.00, '2025-01-28'), (15, 100.00, '2025-01-30'),
(16, 170.00, '2025-02-01'), (17, 60.00, '2025-02-03'), (18, 250.00, '2025-02-05'), (19, 130.00, '2025-02-07'), (20, 160.00, '2025-02-09'),
(21, 55.00, '2025-02-11'), (1, 205.00, '2025-02-13'), (2, 95.00, '2025-02-15'), (3, 175.00, '2025-02-17'), (4, 65.00, '2025-02-19'),
(5, 245.00, '2025-02-21'), (6, 115.00, '2025-02-23'), (7, 185.00, '2025-02-25'), (8, 75.00, '2025-02-27'), (9, 215.00, '2025-03-01'),
(10, 105.00, '2025-03-03'), (11, 195.00, '2025-03-05'), (12, 80.00, '2025-03-07'), (13, 235.00, '2025-03-09'), (14, 125.00, '2025-03-11'),
(15, 155.00, '2025-03-13'), (16, 60.00, '2025-03-15'), (17, 200.00, '2025-03-17'), (18, 90.00, '2025-03-19'), (19, 170.00, '2025-03-21'),
(20, 70.00, '2025-03-23'), (21, 240.00, '2025-03-25'), (1, 110.00, '2025-03-27'), (2, 180.00, '2025-03-29'), (3, 75.00, '2025-03-31'),
(4, 210.00, '2025-04-02'), (5, 100.00, '2025-04-04'), (6, 190.00, '2025-04-06'), (7, 85.00, '2025-04-08'), (8, 220.00, '2025-04-10'),
(9, 120.00, '2025-04-12'), (10, 160.00, '2025-04-14'), (11, 65.00, '2025-04-16'), (12, 230.00, '2025-04-18'), (13, 135.00, '2025-04-20'),
(14, 175.00, '2025-04-22'), (15, 50.00, '2025-04-24'), (16, 215.00, '2025-04-26'), (17, 95.00, '2025-04-28'), (18, 185.00, '2025-04-30'),
(19, 70.00, '2025-05-02'), (20, 245.00, '2025-05-04'), (21, 115.00, '2025-05-06'), (1, 195.00, '2025-05-08'), (2, 80.00, '2025-05-10'),
(3, 225.00, '2025-05-12'), (4, 125.00, '2025-05-14'), (5, 150.00, '2025-05-16'), (6, 55.00, '2025-05-18'), (7, 205.00, '2025-05-20'),
(8, 105.00, '2025-05-22'), (9, 170.00, '2025-05-24'), (10, 60.00, '2025-05-26'), (11, 230.00, '2025-05-28'), (12, 130.00, '2025-01-01'),
(13, 160.00, '2025-01-03'), (14, 55.00, '2025-01-05'), (15, 220.00, '2025-01-07'), (16, 100.00, '2025-01-09'), (17, 180.00, '2025-01-11'),
(18, 75.00, '2025-01-13'), (19, 210.00, '2025-01-15'), (20, 110.00, '2025-01-17'), (21, 190.00, '2025-01-19');

INSERT INTO min_stany (id_surowca, min_ilosc) VALUES
(1, 50.00),
(2, 75.00),
(3, 100.00),
(4, 125.00),
(5, 150.00);